protocol,num_clients,alpha,seed,rounds,run_id,run_name,round,fit_activation_comm_mb,fit_train_loss,fit_train_time,fit_elapsed_time,fit_round_time,fit_activation_comm_mb_std,fit_train_loss_std,fit_train_time_std,eval_bmr_cost_ratio_fn_fp,eval_bmr_threshold,eval_recall,eval_bmr_fp,eval_auprc,eval_fn,eval_fp,eval_bmr_tp,eval_bmr_tn,eval_f1,eval_precision,eval_tn,eval_auroc,eval_loss,eval_bmr_fn,eval_bmr_f1,eval_bmr_risk,eval_tp,eval_bmr_precision,eval_accuracy,eval_bmr_recall,eval_brier_score,eval_elapsed_time,eval_round_time,eval_bmr_cost_ratio_fn_fp_std,eval_bmr_threshold_std,eval_recall_std,eval_bmr_fp_std,eval_auprc_std,eval_fn_std,eval_fp_std,eval_bmr_tp_std,eval_bmr_tn_std,eval_f1_std,eval_precision_std,eval_tn_std,eval_auroc_std,eval_loss_std,eval_bmr_fn_std,eval_bmr_f1_std,eval_bmr_risk_std,eval_tp_std,eval_bmr_precision_std,eval_accuracy_std,eval_bmr_recall_std,eval_brier_score_std
splitfedv1,4,1.0,20,50,25541,splitfedv1_c4_alpha1.0_seed20_r50_run25541,50,111.25244140625,0.050251430307792506,1.4592458820826457,339.26666808128357,2.1385498046875,19.42472497548682,0.05752537547946384,0.6326479317655918,100.0,0.009900990099009901,0.7733333333333333,119.0,0.8146548091074468,17.0,20.0,63.0,56768.0,0.7581699346405227,0.7435897435897436,56867.0,0.9582454104921452,0.0031331352247147472,12.0,0.490272373540856,0.023155788069239142,58.0,0.34615384615384615,0.9993504441557529,0.8400000000000001,0.0005633619194818776,344.05199909210205,4.785089015960693,0.0,0.0,0.0,0.0,0.0,0.0,0.0,0.0,0.0,0.0,0.0,0.0,0.0,0.0,0.0,0.0,0.0,0.0,0.0,0.0,0.0,0.0
splitfedv2,4,0.5,10,5,25540,splitfedv2_c4_alpha0.5_seed10_r5_run25540,5,111.25244140625,0.06297969353242226,2.7232922839967726,35.41152215003967,3.1088104248046875,40.191069253692696,0.08242377384548795,1.2615661511885017,100.0,0.009900990099009901,0.76,32.0,0.8111231966695625,18.0,8.0,59.0,56855.0,0.8142857142857143,0.876923076923077,56879.0,0.9734812288689272,0.0028927449322897272,16.0,0.7108433734939759,0.028650679400301957,57.0,0.6483516483516484,0.9995435553526912,0.7866666666666666,0.00044007254785911225,40.24953866004944,4.8378517627716064,0.0,0.0,0.0,0.0,0.0,0.0,0.0,0.0,0.0,0.0,0.0,0.0,0.0,0.0,0.0,0.0,0.0,0.0,0.0,0.0,0.0,0.0
